"Jul 27, 2024,K1 0 23 011,Flushing,Penutup tabung flushing oblak,dilakukan pengecekan ditemukan 2 screw penguci tidak ada dilakukan penambahan screw dengan hasil penutup tabung flushing sudah kencang kembali,1,https://drive.google.com/open?id=17Cv-a-y42G80beC0MkE2c8pD29QgdgMf"
"Jul 25, 2024,K1 0 23 060,Flushing,Temuan lintas air kloset lavatory pria terus mengalir tanpa di flush,""tdl di ketahui karet tabung flushing sudah tidak presisi sehingga air masih keluar ketika tidak di flush, di lakukan pergantian tabung flushing hasil kondisi normal"",1,https://drive.google.com/open?id=1adyNIIxEMxgkAtMHJW7cX7EF_EsUJDLn"
"Jul 23, 2024,K1 0 23 011,Flushing,Temuan air closet pria mengalir terus . di lakukan pembersihan pada katup flushing tetapi masih mengalir indikasi karet katup flushing sudah lemah,Penggantian katup flushing,1,https://drive.google.com/open?id=1Bna_4U05K1Ycif_DD4PChu1nwKgf2IpX"
"Jul 23, 2024,K1 0 23 011,Flushing,Temuan air closet wanita mengalir terus,TDL pembersihan pada katup flushing,1,https://drive.google.com/open?id=1h2wBePDpQm8GWoL6wR-3FoICw8lF5k67"
"Jul 22, 2024,K1 0 23 011,Flushing,Temuan tombol flushing pada lavatory pria rusak,1,1,https://drive.google.com/open?id=1o276HekskPcwZLA-cBXLOBFUBKMuFHl-"
"Jul 19, 2024,K1 0 23 010,Flushing,""Temuan lavatory pria air pengalir di kloset saat tidak di flush, indikasi tabung flushing kotor"",TDl di lakukan pembersihan pada tabung flushing dan apung hasil kloset tidak keluar air saat tidak di flush,1,https://drive.google.com/open?id=1Rxk_grSnIXnz8NQCASwVzG9AMqfLLOKK"
"Jul 17, 2024,K1 0 23 041,Flushing,""Flushing toilet toilet bocor, penyebab Inlet outlet rusak . Tidak ada sparepart untuk pengganti , sudah di lakukan TL di ambilkan milik toilet 438ss oleh KAI masih tetap bocor"",-,1,-"
"Jul 15, 2024,K1 0 23 058,Flushing,temuan tombol flashing toilet wanita rusak/patah,di lakukan penggantian tombol flashing baru dengan hasil baik.,1,-"
"Jul 13, 2024,K1 0 23 060,Flushing,Temuan Temuan tombol flushing Rusak,di lakukan penggantian tombol flushing (close),1,https://drive.google.com/open?id=1TottLNAsIZv_Li3wYNYbPPl8U7pymLUG"
"Jul 11, 2024,K1 0 23 007,Flushing,Flushing dan wastafel mengalir kecil,-,1,-"
"Jul 11, 2024,K1 0 23 051,Flushing,* K1 0 23 51 toilet pria masih mengeluarkan air pada tombol flushing,-,1,-"
"Jul 11, 2024,K1 0 23 030,Flushing,Temuan tombol flusing toilet wanita rusak,dilakukan penggantian dengan yang baru,1,https://drive.google.com/open?id=1as7tMvIszBhbdRZp1-VrsAFNG9tHpdfl"
"Jul 9, 2024,K1 0 23 033,Flushing,Tombol flushing pada lavatory pria terlepas,Sydah di lakukan pemasangan kembaki,1,https://drive.google.com/open?id=16ed57IjmZ8Nmkh3oXcS5fsJZ7TaI_kuP"
"Jul 9, 2024,K1 0 23 007,Flushing,Flushing pada toilet wanita tidak dapat mengeluarkan air saat di tombol,""di lakukan tindak lanjut dengan menyeting batang penekan tabung flushing,dengan hasil flushing dapat bekerja sebagai mana mestinya"",1,https://drive.google.com/open?id=1M0feumHAG8QdGbSSxkDnYYY6Bfsa9nNv"
"Jul 9, 2024,K1 0 23 053,Flushing,""Temuan internal air di kloset toilet pria ngocor, indikasi filter flusing dan seal apung"""" Flusing kotor"",""dilakukan pembersihan serta penambahan seal pada flusing, hasil air sudah tidak ngocor"",1,https://drive.google.com/open?id=1mONa5AsngW2ASeKI8x9834Lxkx_2jCUn"
"Jul 8, 2024,K1 0 24 018,Flushing,Tombol flushing pecah,Penggantian tombol flushing,1,https://drive.google.com/open?id=1HN_lnKwn8W8RasAdDrgasVLbY-dp9TFS"
"Jul 8, 2024,K1 0 23 033,Flushing,Temuan lintas Air klosed toilet pria mengalir terus menerus,""penggantian seal pelampung TL: di lakukakn penggantian flushing baru oleh tim IMS (close)"",1,-"
"Jul 8, 2024,K1 0 23 048,Flushing,Tombol Flushing Toilet Pria Pecah,dilakukan pengganrian tombol Flushing,1,https://drive.google.com/open?id=1acn7QwzXIuw9WH87RVIumQcMeX-9Tjjc"
"Jul 6, 2024,K1 0 23 038,Flushing,Temuan tombol flushing patah,Dilakukan penggantian oleh tim IMS,1,https://drive.google.com/open?id=1hDg-M4HkMaqFWdyZzDtbm-XyuyOm7pSa"
"Jul 5, 2024,K1 0 24 012,Flushing,Temuan tombol flushing rusak,TDL pengentian tombol flushing (close),1,-"
"Jul 5, 2024,K3 0 24 012,Flushing,Temuan tombol flushing toilet pria rusak,Penggantian tombol flushing,1,https://drive.google.com/open?id=1iogvaMrOgNB8f-Dfljj35jAOxHsy0IT0"
"Jul 3, 2024,K1 0 23 056,Flushing,""laporan TKA saat di lintas air ngalir terus dari closed toilet pria TDL sesampainya di SBI di lakukan pembersihan apung-apung flushing dan penggantian karet bagian bawah hasil masih air ngalir terus."",-,1,https://drive.google.com/open?id=1wvNoCVvvUorlKCVi89ZezE3IUFx5B86O"
"Jun 28, 2024,K1 0 23 005,Flushing,""Air mengalir di closed toilet pria, indikasi filter flusing kotor"",""(TL) dilakukan pembersihan pada filter flusing dan penyetelan pada valve sensor, air sudah tidak mengalir (close)"",1,-"
"Jun 28, 2024,K1 0 23 058,Flushing,""Air mengalir di closed toilet pria, indikasi filter flusing kotor"",""(TL) dilakukan pembersihan pada filter flusing dan penyetelan pada valve sensor, air sudah tidak mengalir (close)"",1,-"
"Jun 28, 2024,K1 0 23 028,Flushing,""Air mengalir di closed toilet pria, indikasi filter flusing kotor"",""(TL) dilakukan pembersihan pada filter flusing dan penyetelan pada valve sensor, air sudah tidak mengalir (close)"",1,-"
"Jun 23, 2024,K1 0 23 048,Flushing,Temuan tombol plasing macet pada toilet pria,sudah diperbaiki dan pelumasan pada tombol plasing hasilnya baik (close),1,-"
"Jun 23, 2024,K1 0 23 025,Flushing,Temuan toilet wanita flashing mengalir kecil,""TDL dilakuan pengecekan indikasi dari flushing di dalam tangki, dilakukan penggantian flushing di tangki dengan hasil sudah tidak mengalir"",1,-"
"Jun 22, 2024,K1 0 23 044,Flushing,plasing tdk fungsi pada toilet wanita,""dtl posisi stik tombol plasing tdk sesuai dengan posisi tabung flushing sehingga waktu ditekan tombol plasing air tdk bisa mengalir, sudah dilakukan perubahan posisi tombol plasing dan hasilnya waktu ditekan tombol plasing air dapat mengalir (close)"",1,-"
"Jun 22, 2024,K1 0 23 006,Flushing,K1 0 23 06 tombol flushing toilet wanita pecah ( Open ),TDL di jakk di lakukan pergantian tombol flushing baru.,1,-"
"Jun 22, 2024,K1 0 24 008,Flushing,tombol plasing macet,sudah dilakukan perbaikan oleh tim ims (toilet) dan pelumasan pada tombol plasing hasil baik (close),1,-"
"Jun 21, 2024,K1 0 23 012,Flushing,meja penutup plasing ada kendor pada toilet wanita,sudah dilakukan pengerasan baut oleh tim ims hasil baik (close),1,-"
"Jun 21, 2024,K1 0 24 015,Flushing,Tombol flushing toilet pria patah,TL : penggantian tombol flushing baru (close),1,https://drive.google.com/open?id=1x-xhOu_f7g_uLzfLjDE0_6lTOTF12Iqq"
"Jun 21, 2024,K3 0 24 003,Flushing,Flushing Toilet pria mengalir kecil. Indikasi tuas tombol flushing tidak sampai.,Setting extender tombol flushing,1,https://drive.google.com/open?id=1DqXPTLFRuOR1aqF6MJzv7JC0-EstusiE"
"Jun 21, 2024,K3 0 24 005,Flushing,Flushing Toilet pria mengalir kecil. Indikasi tuas tombol flushing tidak sampai.,Setting extender tombol flushing,1,https://drive.google.com/open?id=1gz7sZ1ZfunR_WSM3d7EPrqT99CvyTwOx"
"Jun 21, 2024,K1 0 23 029,Flushing,-Temuan air di closet mengalir kecil,""TDL dilakukan pembersihan pada flushing toilet air masih mengalir kecil, dilakukan setting pada katup sensor flushing hasil air sudah tidak mengalir kecil"",1,https://drive.google.com/open?id=1I43SXrRS3W-OPZVccII6Gfk3SQr4k1ZR"
"Jun 20, 2024,K1 0 23 029,Flushing,""K1 0 23 29 Air flushing toilet wanita mengalir terus (OPEN)"
"Jun 20, 2024,K1 0 24 007,Flushing,meja penutup plasing kendor,dtl baut dol sudah dilakukan pergantian baut oleh tim ims hasil baik (close),1,-"
"Jun 20, 2024,K3 0 24 015,Flushing,Dat ML Toilet wanita flushing keluar air terus.,setting katup pada flushing elektrik,1,https://drive.google.com/open?id=1PeKcXVMYQl6Jwv-E9ONE8iBzbzR7g_Su"
"Jun 19, 2024,K1 0 24 016,Flushing,""cover flushing oblak Masalah : papan tombol flush toilet kendor(oblak) Indikasi : baut pada papan slek/dol"",Penanganan: pengganjalan pada baut yang slek,1,-"
"Jun 19, 2024,K1 0 23 030,Flushing,toilet wanita closed mengalir kecil sdh di perbaiki di Dao tp belum maksimal kemungkinan karet pelampung sudah kendor (open),-,1,-"
"Jun 18, 2024,K1 0 23 030,Flushing,Temuan air mengalir trs ke kloset pada toilet wanita,sudah diperbaiki dengan membersihkan tabung plasing hasil baik (close),1,-"
"Jun 18, 2024,K1 0 23 033,Flushing,Temuan air mengalir trs ke kloset pada toilet wanita,sudah diperbaiki dengan membersihkan tabung plasing hasil baik,1,https://drive.google.com/open?id=1iTJJZXRgvIEZBfrCHUOLPySjZ0jJLeMg"
"Jun 18, 2024,K1 0 23 056,Flushing,toilet pria K1 0 23 56 air mengalir terus di kloset,sudah dilakukan perbaikan dengan membersihkan tabung plasing hasil baik,1,-"
"Jun 18, 2024,K1 0 23 002,Flushing,K1 0 23 02 Toilet ujung 1 tidak bisa flushing indikasi tersumbat benda asing,Tindak lanjut dilakukan proses flushing secara terus menerus dengan hasil closet sudah tidak tersumbat dan berfungsi normal kembali.,1,-"
"Jun 18, 2024,K1 0 23 048,Flushing,toilet pria dudukan Flusing goyang,sudah diperbaiki dengan dibaut (Close),1,-"
"Jun 17, 2024,K1 0 23 051,Flushing,Temuan pada lavatory pria air mengalir pada kloset,""tdl dilakukan pembersihan pada tabung flushing di dalam watertank, hasil air tidak mengalir saat tidak di flush"",1,https://drive.google.com/open?id=1Z4DtrRFTVCDi81_WZWdPzSVh_figx1F_"
"Jun 16, 2024,K1 0 23 028,Flushing,Temuan toilet wanita mengalir terus,dtl posisi tombol plasing kurang pas dengan plasing shg tombol plasing tdk kembali seperti semula sudah diperbaiki hasil baik/normal (close),1,-"
"Jun 16, 2024,K1 0 24 016,Flushing,Tombol flushing pecah,Penggantian dengan di ambilkan dari gudang KAI,1,https://drive.google.com/open?id=183gTEtWk1d5vu3lfMtGTs-A-40W6c32r"
"Jun 16, 2024,K3 0 24 008,Flushing,""Toilet pria mampet, saat di flushing air dan kotoran tidak langsung turun"",Tindak lanjut dilakukan pembersihan/pembuangan air lewat jalur saluran pipa dengan hasil air dapat mengalir dan tidak mampet (Close),1,-"
"Jun 16, 2024,K3 0 24 005,Flushing,""Toilet pria mampet, saat di flushing air dan kotoran tidak langsung turun"",TL dilakukan pembersihan/pembuangan air lewat jalur saluran pipa dengan hasil air dapat mengalir dan tidak mampet (Close),1,-"
"Jun 16, 2024,K1 0 23 005,Flushing,Temuan Toilet pria mengalir terus,tdl tombol plasing lepas 1 shg mengganjal di plasing sdh diperbaiki dan dipasang kembali dan hasil baik/normal (close),1,-"
"Jun 15, 2024,K1 0 23 052,Flushing,temuan pada toilet pria tombol flushing rusak,sudah dilakukan pergantian tombol flushing yg baru (close),1,-"
"Jun 15, 2024,K1 0 23 046,Flushing,air ngalir trs di closet,-,1,-"
"Jun 15, 2024,K1 0 23 052,Flushing,""temuan toilet pria mengalir terus, tdl melakukan pembersihan pada tabung tombol flushing di dalam water tank dan tombol flushing rusak"",Di lakukan pembersohan pada tabung tombol fluhing dan di lakukan pergantian tombol flushing baru,1,https://drive.google.com/open?id=11vLDYCTA84JbJouX8dzoJpi7kEZ7LTWJ"
"Jun 15, 2024,K1 0 24 014,Flushing,""temuan toilet wanita air mengalir pada closed,"",""tdl posisi tombol flushing kurang pas sehingga tombol tidak bisa kembali, sudah di perbaiki hasil air tidak mengalir lagi"",1,https://drive.google.com/open?id=15rzm5mUBIyTzWGztQmjrqMhUB7idCZNt"
"Jun 15, 2024,K1 0 23 007,Flushing,Temuan : toilet pria mengalir terus,""dtl tabung plasing kotor, sudah dilakukan pembersihan dan pemasangan kembali dan hasilnya air tidak mengalir lg ke kloset"",1,-"
"Jun 15, 2024,K1 0 23 008,Flushing,Temuan : toilet pria mengalir terus,""dtl tabung plasing kotor, sudah dilakukan pembersihan dan pemasangan kembali dan hasilnya air tidak mengalir lg ke kloset"",1,-"
"Jun 15, 2024,K1 0 23 049,Flushing,Temuan : toilet pria mengalir terus,""dtl tabung plasing kotor, sudah dilakukan pembersihan dan pemasangan kembali dan hasilnya air tidak mengalir lg ke kloset"",1,-"
"Jun 15, 2024,K1 0 23 051,Flushing,""pada toilet pria, air flushing terus mengalir"",""dilakukan penutupan pada settingan selenoit valve, tetapi air terus mengalir dilakukan pembersihan pada karet flushing, hasil air sudah tidak mengalir."",1,https://drive.google.com/open?id=1RLIRUla8zeD0zUfeMNO0XAgoDXB3wNiV"
"Jun 14, 2024,K1 0 23 034,Flushing,""k1 0 23 34 Temuan lintas tombol flushing tidak ada/hilang, tdl dilakukan pemasangan tombol flushing baru (close)"",tdl dilakukan pemasangan tombol flushing baru (close),1,https://drive.google.com/open?id=1G5KvAwXV6AMwDhAw5e_7JSCrebkqCO6s"
"Jun 3, 2024,K1 0 23 025,Flushing,temuan lintas toilet wanita flushing tidak bisa keluar air,tdl setting hanger agar water tank bisa berisi air (close),1,-"
"Jun 3, 2024,K1 0 23 030,Flushing,""Temuan pada lavatory wanita tombol flushing tidak mengeluarkan air, di ketahui pada tombol di tekan tidak menyentuh tombol flushing di dalam watertank"",""di lakukan modifikasi tombol fluhing, hasil air mengalir ketika di flush. (close)"",1,-"
"Jun 2, 2024,K1 0 23 026,Flushing,""Temuan tombol flushing rusak pada lavatory wanita,"",dilakukan pergantian tombol flushing.,1,-"
"May 31, 2024,K1 0 24 008,Flushing,Temuan tombol flushing toilet pria rusak,dilakukan penggantian tombol flushing diambilkan dari kereta cadangan K102413,1,-"
"May 31, 2024,K1 0 24 013,Flushing,Tombol flush diambil untuk car K1 0 24 008,-,1,-"
"May 30, 2024,K1 0 23 030,Flushing,""temuan toilet wanita air di closed mengalir trs, indikasi filter flushing kendor"",melakukan pengencangan kembali agar air tidak mengalir trs (close),1,-"
"May 29, 2024,K1 0 23 054,Flushing,Temuan toilet pria tombol flushing terlepas,TDL pemasangan kembali tombol flushing,1,-"
"May 29, 2024,K1 0 23 058,Flushing,Tombol flushing toilet wanita pecah,dilakukan penggantian tombol flushing di ambilkan dari kereta cadangan K102355,1,-"
"May 29, 2024,K1 0 23 055,Flushing,Tombol flushing diambil untuk car K1 0 23 058,-,1,-"
"May 28, 2024,K3 0 24 008,Flushing,Tombol flushing toilet wanita pecah,TL penggantian komponen tombol flushing toilet sementara milik KAI dikarenakan belum ada spare part pengganti (Close),1,https://drive.google.com/open?id=1kWqt39et-DHEqeCytRk5jfU-2_T5R12x"
"May 26, 2024,K1 0 23 059,Flushing,""temuan lintas tombol flushinh lemah, indikasi jarum flushing terlalu pendek"",tdl melakukan setting jarum tombol flushing (close),1,-"
"May 25, 2024,K1 0 24 010,Flushing,""temuan kloset lavatori wanita ngalir terus,indikasi jarum tombol flushing panjang sebelah mengakibatkan air flushing kepencet trs"",tdl setting jarum tombol flushing (close),1,-"
"May 23, 2024,K1 0 23 047,Flushing,Temuan saat kereta mau langsir toilet wanita tombol flushing rusak dan air mengalir trus untuk smentara motorpump di offkan toilet tdak digunakan sdah kordinasi dngan tka yg berdinas (open),-,1,-"
"May 22, 2024,K3 0 24 001,Flushing,4. Penambahan relay adaptor dan kaca film pada sensor auto flushing toilet pria dan wanita (All car K3),4. Penambahan relay adaptor dan kaca film pada sensor auto flushing toilet pria dan wanita (All car K3),1,-"
"May 21, 2024,K3 0 24 009,Flushing,5. Penambahan relay dan kaca film pada sensor auto flushing toilet pria dan wanita (All car K3),5. Penambahan relay dan kaca film pada sensor auto flushing toilet pria dan wanita (All car K3),1,-"
"May 19, 2024,K1 0 23 059,Flushing,Temuan tombol flushing terlepas/copot,TDL pemasangan kembali tombol flushing (Close),1,-"
"May 18, 2024,K1 0 24 014,Flushing,Tombol flush diambil untuk car K1 0 23 030,pemasangan tombol flashing toilet pria dan wanita.(Close),1,-"
"May 18, 2024,K1 0 23 030,Flushing,Temuan tombol flushing pada lavatory wanita rusak,pergantian tombol flushing di ambil kereta cadangan K1 024 14 (close),1,-"
"May 17, 2024,K1 0 23 029,Flushing,""temuan lintas lavatory pria pada tombol flush terlepas,"",sudah di pasang dan di lem pada sisi atas tombol flushing (close),1,-"
"May 17, 2024,K1 0 23 055,Flushing,Tombol flushing diambil untuk car K1 0 23 060,Dilakukan pemasangan tombol flushing pada toilet pria,1,-"
"May 17, 2024,K1 0 23 060,Flushing,temuan tombol flushing toilet pria rusak/pecah,dilakukan penggantian tombol flushing diambilkan dr kereta cadangan (close) K1 0 23 055,1,-"
"May 16, 2024,K1 0 23 043,Flushing,tombol flushing diambil untuk car K1 0 23 058,Dilakukan pemasangan tombol flushing pada toilet pria,1,-"
"May 16, 2024,K1 0 23 058,Flushing,temuan tombol flushing rusak/pecah,Tdl dilakukan penggantian tombol flushing diambilkan dari kereta cadangan K1 0 23 43 (close),1,-"
"May 12, 2024,K1 0 23 043,Flushing,Tombol flush diambil untuk car K1 0 23 060,Dilakukan penggantian tombol flushing yang di ambil untuk K1 0 23 60,1,https://drive.google.com/open?id=1v6FwqglcdM3ZqOOqa6JPwODxJH7NWqPb"
"May 12, 2024,K1 0 23 060,Flushing,Laporan OTC saat langsir tombol flushing hancur,""Belum sempat TL karena temuan saat langsir.  tombol flushing saya ambilkan dari K1 0 23 43 kereta cadangan dan saya berikan ke TKA Untuk TL lebih lanjut."",1,https://drive.google.com/open?id=1v6FwqglcdM3ZqOOqa6JPwODxJH7NWqPb"
"May 10, 2024,K3 0 24 008,Flushing,Tombol flushing toilet wanita pecah,Penggantian tombol flushing toilet,1,https://drive.google.com/open?id=1ukXcJciSMSBzuiU_0CCr0PbZ8YpfjxaI"
"May 9, 2024,K1 0 23 008,Flushing,Jet shower toilet wanita bocor,dilakukan penggantian jet shower dengan hasil jet shower berfungsi normal.,1,-"
"May 5, 2024,K1 0 24 007,Flushing,Baut pada dudukan cover bawah Flushing kendur,dilakukan pengencangan kembali pada baut yg kendur,1,-"
"May 5, 2024,K1 0 24 007,Flushing,Temuan tombol Flushing ancur,penggantian Flushing baru milik kai (Close),1,-"
"May 4, 2024,K1 0 23 030,Flushing,temuan DC KAI selang jet shower bagian tengah bocor,TDL di lakukan penggantian jetshower baru milik KAI dengan hasil baik.,1,-"
"Apr 30, 2024,K1 0 23 021,Flushing,Temuan lintas Tombol flushing lawatory wanita rusak dan tidak berfungsi,""TDL di lakukan pergantian part flushing menggunakan part kai, hasil tombol flushing berfungsi/normal"",1,-"
"Apr 27, 2024,K1 0 23 054,Flushing,Tombol flushing pada toilet pria diambil untuk car K1 0 23 048,Dilakukan penggatian tombol Flushing yang diambil untuk K1 0 23 54,1,https://drive.google.com/open?id=1vkCAp8Y5tlEl2EZ_RutnYiCSfPMkUB1K"
"Apr 27, 2024,K1 0 23 048,Flushing,Tombol flushing pada toilet pria Hancur,""dilakukan penggantian tombol flushing, diambilkan dari kereta cadangan K1 0 23 54"",1,https://drive.google.com/open?id=1vkCAp8Y5tlEl2EZ_RutnYiCSfPMkUB1K"
"Apr 26, 2024,K1 0 23 029,Flushing,""Temuan tombol flushing menekan trs,indikasi per tombol flushing nyangkut."",TDL melakukan memperbaiki per tombol flushing (close),1,https://drive.google.com/open?id=1A_VlT4qA6AsLT-0DL1h3pveAXxcqu8Os"
"Apr 25, 2024,K1 0 24 014,Flushing,tombol flush diambil untuk car K1 0 23 020,pemasangan tombol flashing toilet pria dan wanita.(Close),1,https://drive.google.com/open?id=1EdLXew_kE08HiFD377TXfRFHkfLd3Lr2"
"Apr 25, 2024,K1 0 23 020,Flushing,""temuan lintas tombol flushing nekan trs , indikasi tombol flusing rusak"",melakukan penggantian tombol flushing dari kereta cadangan K1 0 24 14,1,https://drive.google.com/open?id=1EdLXew_kE08HiFD377TXfRFHkfLd3Lr2"
"Apr 25, 2024,K1 0 23 019,Flushing,Tombol flushing toilet wanita diambil untuk car K1 0 23 019,-,2,https://drive.google.com/open?id=1nzy3sBEAUPtq6jp8fcRt84Awf4Yg3Gwm"
"Apr 25, 2024,K1 0 23 019,Flushing,Tombol flushing toilet pria diambil untuk car K1 0 23 019,-,2,https://drive.google.com/open?id=1xNR_-002OiC_U1qFfdMjeBb5dgifs4Rb"
"Apr 25, 2024,K1 0 23 055,Flushing,temuan flushing toilet pria mengalir pelan,TL dilakukan pengecekan ditemukan tombol flushing kendor dan dilakukan pengencangan dengan hasil flushing toilet normal kembali,1,-"
"Apr 25, 2024,K1 0 23 023,Flushing,Tombol flushing toilet wanita tidak ada,Dilakukan penggantian tombol flushing toilet diambilkan dari kereta K102319,2,https://drive.google.com/open?id=1nzy3sBEAUPtq6jp8fcRt84Awf4Yg3Gwm"
"Apr 25, 2024,K1 0 23 023,Flushing,Tombol flushing toilet pria tidak ada,Dilakukan penggantian tombol flushing diambilkan dari kereta K102319,2,https://drive.google.com/open?id=1xNR_-002OiC_U1qFfdMjeBb5dgifs4Rb"
"Apr 25, 2024,K1 0 23 053,Flushing,flushing toilet mengalir pelan,""tombol flushing toilet kendor,dilakukan pengencangan tombol flushing, hasil normal kembali"",1,https://drive.google.com/open?id=1HLU3ic2zXcxZe4TgWxQN-fqDsF-SAqaP"
"Apr 24, 2024,K1 0 23 029,Flushing,""k1 023 29 temuan tombol flushing toilet pria saat di pencet tidak mau kembali,"",""inddikasi setelah melakukan pengecekan per tombol flushing nyangkut saat di pencet,tdl melakuakn pencongkelan di are per yg nyangkut hasil tombol bisa kembali normal (close)"",1,https://drive.google.com/open?id=1tfS0wcTGE1N5NS5x5CUzKji24uDJQpHR"
"Apr 23, 2024,K3 0 24 008,Flushing,""Temuan lintas, tombol flushing toilet pria hilang"",Penggantian part tombol flushing toilet,1,https://drive.google.com/open?id=1S_8zzDxFi8p03oin1czfgue38xba82qj"
"Apr 20, 2024,K3 0 24 006,Flushing,Tombol flush toilet female patah. Sudah diTL oleh DC cipinang. Namun tombol kecil tidak dipasang karena seret,-,1,-"
"Apr 18, 2024,K1 0 23 050,Flushing,Selang flushing rembes,TDL diganti dengn cadangan milik kereta (close),1,-"
"Apr 14, 2024,K1 0 24 014,Flushing,Tombol flushing diambil untuk dipasangkan ke car K1 0 23 019 toilet wanita,pemasangan tombol flashing toilet pria dan wanita.(Close),1,-"
"Apr 14, 2024,K1 0 23 019,Flushing,Tombol flushing toilet wanita rusak.,""Tindak lanjut dilakukan penggantian tombol flushing diambil dari kereta cadangan K102414. (close)"",1,-"
"Apr 13, 2024,K1 0 23 055,Flushing,Tombol flushing toilet wanita lepas (open),TDL sudah diperbaiki (close),1,-"
"Apr 13, 2024,K3 0 24 010,Flushing,""K3 024 10 (close)"",1,-"
"Apr 8, 2024,K1 0 23 030,Flushing,K1 0 23 30 Toilet wanita air mengalir terus,Perbaikan tombol flushing hasil Ok,1,-"
"Apr 8, 2024,K3 0 24 003,Flushing,Tombol flash toilet wanita mengeluarkan air terus,Pembersihan valve outo flash,1,https://drive.google.com/open?id=1ZCfgFi5RPl2bxCa9IuMNOitUZvwJff1H"
"Apr 7, 2024,K1 0 23 058,Flushing,K1 0 23 58 Toilet pria air mengalir kecil,tdl perbaikan tombol flushing hasil Ok,1,-"
"Apr 6, 2024,K1 0 24 018,Flushing,""Tombol flusing toilet pria ketika di pencet air mengalir kecil Westafel toilet wanita, ketika air westafel di buka air mengalir kecil dan seling 2mnt air tidak keluar Westafel toilet wanita, ketika air westafel di buka air mengalir kecil dan seling 2mnt air tidak keluar"
"Apr 6, 2024,K3 0 24 007,Flushing,Tombol flash toilet pria tidak berfungsi,hasil CCTV di K1 0 23 55 sudah Muncul.,1,-"
"Apr 5, 2024,K3 0 24 015,Flushing,""Toilet selalu mengeluarkan air dan saat ditekan auto flash debit air kecil, TL dilakukan baterai A2 sebanyak 4pcs namun masih mengeluarkan air tanpa ditombol, kemudian dilakukan pengechekan pada valve auto flash ditemukan membran kotor"",dilakukan pembersihan membran dan diuji hasil baik close,1,-"
"Apr 4, 2024,K1 0 23 059,Flushing,tombol flashsing tdk ad,pemasangan unit baru tombol falshing,1,https://drive.google.com/open?id=1xGpYQxHXVl4J8MWSAsRGb_wadqYSrXQp"
"Mar 31, 2024,K1 0 23 055,Flushing,Tombol flushing toilet wanita macet,Perbaikan pada tombol flushing,0,https://drive.google.com/open?id=1RZha91_gVEMm-BWcbguvStlQXOCYaZUO"
"Mar 30, 2024,-,Flushing,""1. Tombol flush di toilet ketika ditekan stuck atau nggak kembali ke posisi awal. Akibatnya air di toilet cepat habis, bahkan ada beberapa toilet yang ada kotoran dan belum disiram."",-,1,-"
"Mar 29, 2024,K1 0 23 030,Flushing,temuan tombol flash manual toilet wanita patah,sementara di lakukan perekatan/pengeleman pada tombol flash yang patah,1,https://drive.google.com/open?id=1rc8ROl81Wapvk4LCUAla3wcXqLuwJcmP"
"Mar 29, 2024,K1 0 23 023,Flushing,Flush diambil untuk dipasangkan ke car K1 0 23 055 toilet wanita,-,1,https://drive.google.com/open?id=1HvNxb9Ck2Qt_fr6iFua7bOhiNdSeScuA"
"Mar 28, 2024,K1 0 23 023,Flushing,Flush toilet diambil dan dipasangkan ke K1 0 23 011 toilet pria,-,1,https://drive.google.com/open?id=1nrFV5IGMXvap_8WOidi7IBavNXtoIzRq"
"Mar 28, 2024,K1 0 23 011,Flushing,Temuan pada toilet pria tombol flush pecah,TDL melakukan change unit tombol flush toilet dari kereta cadangan K1 023 23 (close),1,https://drive.google.com/open?id=1nrFV5IGMXvap_8WOidi7IBavNXtoIzRq"
"Mar 26, 2024,K1 0 23 053,Flushing,""temuan tombol manual flushing toilet wanita tidak berfungsi, TDL di lakukan pengecekan di temukan tombol flush patah,dan di yk tidak ada sper buat mengganti.(open)"",-,1,-"
"Mar 23, 2024,K1 0 23 059,Flushing,tombol flushing diambil untuk car K1 0 23 054,-,1,""https://drive.google.com/open?id=1agrlUX7iSboQmILUPoVUTiJMI8MNY1WH "
"Mar 20, 2024,K1 0 23 054,Flushing,Temuan tombol flushing pada toilet pria pecah,dilakukan penggantian dengan mengambil tombol flushing pada K1 0 23 59,1,""https://drive.google.com/open?id=1agrlUX7iSboQmILUPoVUTiJMI8MNY1WH"
"Mar 12, 2024,K1 0 23 055,Flushing,Temuan tombol flush toilet wanita rusak,TDL melakukan change unit tombol flush dari kereta cadangan K1 023 23 lawu. (close),1,""https://drive.google.com/open?id=1HvNxb9Ck2Qt_fr6iFua7bOhiNdSeScuA"
"Mar 10, 2024,K1 0 23 059,Flushing,Tombol flushing toilet wanita Terlepas,Dilakukan Pemasangan kembali pada Tombol Flushing toilet wanita (Close),1,https://drive.google.com/open?id=1-JHNbt8ellngQRTM3D1UtVXNZ4BXVDjR"
"Mar 8, 2024,K1 0 23 056,Flushing,Temuan flushing closet toilet laki laki mengalir kecil,Setting ulang tombol flushing manual,1,https://drive.google.com/open?id=1ddRULdYa6JL8MI-3vzUnqROkOLsxYZ3q"
"Mar 5, 2024,K1 0 23 049,Flushing,Temuan laporan lintas pengait tutup kotak flushing terlepas sementara di lakban,melakukan selent sikaflek pada area yg terlepas,1,https://drive.google.com/open?id=1wpy-YCVni1JCN2J6t5ALaCp2_R5R7Pnp"
"Mar 4, 2024,K1 0 23 053,Flushing,ditemukan flushing toilet pria tidak berfungsi,setelah melakukan pengecekan flushing toilet normal,1,-"
"Mar 2, 2024,K1 0 23 055,Flushing,tombol flushing toilet pria pecah,penggantian tombol diambil kan dari kereta cadangan K1 023 43,1,https://drive.google.com/open?id=1LGP2sshk25pCS8u3cDxvOa0rd1ucWvnq"
"Feb 25, 2024,K1 0 23 016,Flushing,Tombol flushing toilet wanita terlepas,melakukan pemasangan tombol flushing toilet.,1,-"
"Feb 25, 2024,K1 0 23 016,Flushing,Tombol flushing toilet wanita terlepas,melakukan pemasangan tombol flushing toilet,1,https://drive.google.com/open?id=1MmC0oNyN0dceAkqYneXYKmMHcfpcRXCz"
"Feb 13, 2024,K1 0 23 020,Flushing,Air flushing toilet pria mengalir terus,Setting tombol flushing manual,1,https://drive.google.com/open?id=1Np_pJ1_Pw8YD_PcIGSk8sOSBheFVgOiB"
"Feb 9, 2024,K1 0 23 007,Flushing,Jet shower toilet pria tidak keluar air. Ditemukan lubang keluar air mampet karena kotor,pembersihan bagian lubang keluarnya air pada kepala jet shower.,1,https://drive.google.com/open?id=1qBxZsX_VRLS0pXPQjir4um3VaH2t0N8p"
"Feb 7, 2024,K1 0 23 048,Flushing,Temuan air flasing tidak bisa berhenti(mengalir terus ),ditemukan settingan flasing manual terlalu panjang . Dilakukan setting pada tombol flasing manual,1,-"
"Feb 6, 2024,K1 0 23 005,Flushing,Flushing manual toilet wanita saat ditekan air tidak keluar. ditemukan settingan tombol flushing kurang panjang sehingga saluran tidak terbuka.,dilakukan setting pada tombol flushing manual.,1,-"
"Jan 23, 2024,K1 0 23 030,Flushing,Flushing manual toilet pria tidak mau menutup,Membersihkan komponen yang ada pada sistem flushing,1,https://drive.google.com/open?id=1Zsgy0wjThRNQZ9h7dCH3I8Nccx-y3xDn"
"Jan 5, 2024,K1 0 23 024,Flushing,""Flusing toilet pria Mampet, dan pipa buangan wastafel lepas."",Perbaikan klam pipa buangan air dan setting valve flusing toilet.,1,https://drive.google.com/open?id=1zfVhqAzwe8A_5P6301saXJ21zeEFO08d"
"Jan 5, 2024,K1 0 23 007,Flushing,Air flushing pada toilet wanita mengalir terus,-,1,https://drive.google.com/open?id=1If0vdRVl8zfGVE6mQfbomb_C-i4jUnih"
"Jan 2, 2024,K1 0 23 022,Flushing,Flushing toilet perempuan keluar air sedikit,""air habis, diisi lagi"",1,https://drive.google.com/open?id=19cBiFCzUaNuE8gUdNEc2ykEzw1b0fAzC"
"Jan 2, 2024,K1 0 23 024,Flushing,Flushing toilet laki-laki flushing tidak keluar air,""air habis, diisi lagi"",1,https://drive.google.com/open?id=1G5ulHJ48s7Vm9H7c0yxim25Jf515Lqhn"
"Jan 1, 2024,K1 0 23 027,Flushing,""Flusing toilet wanita, air mampet"",Perbaikan flusing dan pelatuk apung apung.,1,https://drive.google.com/open?id=1pFMljm6hIgQHaVLM70mdLOVw14gZg6zS"
"Jan 1, 2024,K1 0 23 018,Flushing,Flushing manual toilet wanita terkadang tidak berfungsi,Setting pelatuk flushing manual,1,https://drive.google.com/open?id=1W7CToNNQ91KjbiSiPZk8tdSyrPFPQrM1"
"Dec 28, 2023,K1 0 23 009,Flushing,shower toilet wanita bocor,-,1,https://drive.google.com/open?id=1XpT9mcIKgq5A23I20ukdNGZkJMWTUiyP"
"Dec 27, 2023,K1 0 23 018,Flushing,Flushing toilet ketika ditekan air keluar sedikit,-,1,https://drive.google.com/open?id=1wewmOE25LsaSZplPNOOexAXKKL4W6lFY"
"Dec 25, 2023,K1 0 23 005,Flushing,tombol flush tidak keluar air nya kA K1 023 05,-,1,-"
"Dec 22, 2023,K1 0 23 033,Flushing,Flasing toilet tidak berfungsi,Membersihkan komponen flasing yg tersumbat karena ada kotoran.,1,https://drive.google.com/open?id=1nyaECJ2mk_sUAngflkIidOKhSYrI8j_I"
"Dec 18, 2023,K1 0 23 002,Flushing,Flusing toilet tidak berfungsi,-,2,-"
"Dec 16, 2023,K1 0 23 021,Flushing,Flushing otomatis mengalir terus,Diganti battre type AA,1,https://drive.google.com/open?id=1rpBpnQQ4p931Nvp0drFfby-iLbaujHDr"
"Dec 12, 2023,K1 0 23 007,Flushing,tombol plasing tidak lancar/seret ada kebocoran pada bawah plasing,""Setel ulang posisi tombol plasing dengan rumah tombol.agar lurus,pembenahan sil plasing dan pengencangan drat ulir plasing"",1,-"
"Dec 12, 2023,K1 0 23 010,Flushing,Tombol plasing seret atau kurang lancar,Pelurusan antara tombol plasing dan rumah plasing di setel ulang,1,https://drive.google.com/open?id=12IDAkPePtqJgbTv1fRDnFkTVU5lIqy7O"
"Dec 12, 2023,K1 0 23 010,Flushing,Tombol plasing kurang lancar untuk proses npenombol an gag seret perlu pembenahan,Cek tombol plasing ..dan memposisikan se lurus mungkin antara tombol plasing dengan rumah tombol,1,https://drive.google.com/open?id=1JZgNwjyMNVt9C_4jZdF84lW-YgODeZjl"
